family,method,scale,n,combined,correctness,completeness,doc_recall,doc_recall_n
bm25,BM25,1144,500,74.704,84.4,80.435,90.264,470
bm25,BM25,2254,500,71.431,80.4,77.107,87.054,470
bm25,BM25,6980,500,70.101,78.8,75.776,84.596,470
bm25,BM25,21614,500,64.887,73.6,70.671,79.849,470
bm25,BM25,42587,500,61.157,70.0,68.246,76.092,470
bm25,BM25,66932,500,59.454,68.6,65.905,74.0,470
bm25,BM25,131876,500,55.245,63.4,63.197,70.52,470
bm25,BM25,259837,500,53.031,60.8,60.393,66.003,470
bm25,BM25,511959,500,50.464,57.8,58.976,62.395,470
graphrag,MS-GraphRAG,1144,500,45.909,53.4,54.1,57.874,470
graphrag,MS-GraphRAG,1434,500,43.369,49.4,52.948,54.778,470
graphrag,MS-GraphRAG,1798,500,44.43,51.8,53.392,57.348,470
graphrag,MS-GraphRAG,2254,500,43.95,50.8,52.336,55.43,470
graphrag,MS-GraphRAG,2826,500,42.528,49.2,50.548,51.021,470
graphrag,MS-GraphRAG,3543,500,40.398,47.4,49.14,50.115,470
graphrag,MS-GraphRAG,4441,500,38.477,45.0,47.321,48.396,470
graphrag,MS-GraphRAG,5568,500,38.677,45.2,47.121,47.191,470
graphrag,MS-GraphRAG,6980,500,38.399,44.2,46.824,44.647,470
graphrag,MS-GraphRAG,8750,500,35.493,40.6,45.522,43.728,470
hipporag,HippoRAG2,1144,500,66.23,75.6,72.018,81.256,470
hipporag,HippoRAG2,2254,500,63.058,71.6,69.418,79.837,470
hipporag,HippoRAG2,6980,500,58.575,65.8,66.309,73.185,470
hipporag,HippoRAG2,21614,500,53.771,61.2,60.716,65.658,470
hipporag,HippoRAG2,42587,500,50.508,57.0,57.693,61.315,470
hipporag,HippoRAG2,131876,500,41.021,46.2,50.639,51.184,470
lightrag,LightRAG,1144,500,47.992,51.0,54.709,0.0,470
lightrag,LightRAG,1434,500,46.474,49.4,54.008,0.0,470
lightrag,LightRAG,1798,500,44.316,46.4,53.459,0.0,470
lightrag,LightRAG,2254,500,42.526,45.4,49.222,0.0,470
linearrag,LinearRAG,1144,500,46.239,56.8,51.989,62.625,470
linearrag,LinearRAG,1434,500,45.288,57.0,51.808,63.393,470
linearrag,LinearRAG,1798,500,46.08,57.2,52.013,62.56,470
linearrag,LinearRAG,2254,500,44.075,54.4,50.767,60.521,470
linearrag,LinearRAG,2826,500,41.992,53.0,48.411,57.719,470
linearrag,LinearRAG,3543,500,42.506,52.4,48.645,57.187,470
linearrag,LinearRAG,4441,500,40.335,49.4,47.114,54.244,470
linearrag,LinearRAG,5568,500,39.048,47.8,45.988,52.418,470
linearrag,LinearRAG,6980,500,38.809,48.6,44.56,51.354,470
linearrag,LinearRAG,8750,500,35.489,44.2,41.6,48.356,470
linearrag,LinearRAG,10970,500,35.036,43.8,41.206,46.771,470
linearrag,LinearRAG,13753,500,34.803,43.0,40.766,45.521,470
linearrag,LinearRAG,17241,500,33.234,42.4,40.427,44.384,470
linearrag,LinearRAG,21614,500,34.288,42.6,40.448,43.131,470
linearrag,LinearRAG,27097,500,32.203,40.4,38.655,42.096,470
linearrag,LinearRAG,33970,500,32.172,40.0,39.009,41.8,470
linearrag,LinearRAG,42587,500,31.309,39.2,38.335,40.863,470
linearrag,LinearRAG,53389,500,30.525,36.8,37.29,39.871,470
linearrag,LinearRAG,66932,500,30.876,37.6,36.66,38.807,470
linearrag,LinearRAG,83909,500,28.725,36.2,36.301,37.854,470
linearrag,LinearRAG,105193,500,28.454,35.4,35.864,36.134,470
linearrag,LinearRAG,131876,500,29.797,36.4,36.017,35.514,470
naiverag,DenseRAG,1144,500,58.139,65.0,65.421,73.385,470
naiverag,DenseRAG,2254,500,55.694,61.4,62.714,68.936,470
naiverag,DenseRAG,6980,500,50.955,56.6,58.545,62.903,470
naiverag,DenseRAG,21614,500,44.193,50.6,52.751,57.1,470
naiverag,DenseRAG,42587,500,40.686,45.8,48.632,51.001,470
naiverag,DenseRAG,66932,500,38.051,42.8,45.445,46.904,470
naiverag,DenseRAG,131876,500,35.97,40.2,44.602,42.684,470
naiverag,DenseRAG,259837,500,32.83,37.2,41.783,38.054,470
naiverag,DenseRAG,511959,500,29.912,34.2,38.55,33.065,470
sandbox,File-System Agent,1144,500,77.394,80.8,81.568,86.437,470
sandbox,File-System Agent,2254,500,75.446,78.8,80.936,84.402,470
sandbox,File-System Agent,6980,500,69.922,73.8,75.307,78.092,470
sandbox,File-System Agent,21614,500,62.622,65.8,68.936,71.284,470
sandbox,File-System Agent,42587,500,58.949,62.0,65.843,66.522,470
sandbox,File-System Agent,66932,500,56.706,59.8,61.908,61.937,470
sandbox,File-System Agent,131876,500,50.877,54.4,57.61,55.081,470
sandbox,File-System Agent,511959,500,30.74,33.0,37.926,31.814,470
