family,display_name,scale,n_chunks,document_embedding_input_tokens,accounting
naiverag,DenseRAG,1144,2018,1864899,Qwen3-Embedding-0.6B tokenizer; add_special_tokens=False; doc instruction=''
naiverag,DenseRAG,1434,2435,2236615,Qwen3-Embedding-0.6B tokenizer; add_special_tokens=False; doc instruction=''
naiverag,DenseRAG,1798,2955,2701930,Qwen3-Embedding-0.6B tokenizer; add_special_tokens=False; doc instruction=''
naiverag,DenseRAG,2254,3606,3289557,Qwen3-Embedding-0.6B tokenizer; add_special_tokens=False; doc instruction=''
naiverag,DenseRAG,2826,4425,4010119,Qwen3-Embedding-0.6B tokenizer; add_special_tokens=False; doc instruction=''
naiverag,DenseRAG,3543,5454,4929589,Qwen3-Embedding-0.6B tokenizer; add_special_tokens=False; doc instruction=''
naiverag,DenseRAG,4441,6737,6068149,Qwen3-Embedding-0.6B tokenizer; add_special_tokens=False; doc instruction=''
naiverag,DenseRAG,5568,8374,7514016,Qwen3-Embedding-0.6B tokenizer; add_special_tokens=False; doc instruction=''
naiverag,DenseRAG,6980,10419,9336884,Qwen3-Embedding-0.6B tokenizer; add_special_tokens=False; doc instruction=''
naiverag,DenseRAG,8750,12974,11618272,Qwen3-Embedding-0.6B tokenizer; add_special_tokens=False; doc instruction=''
naiverag,DenseRAG,10970,16169,14483214,Qwen3-Embedding-0.6B tokenizer; add_special_tokens=False; doc instruction=''
naiverag,DenseRAG,13753,20185,18053019,Qwen3-Embedding-0.6B tokenizer; add_special_tokens=False; doc instruction=''
naiverag,DenseRAG,17241,25203,22529455,Qwen3-Embedding-0.6B tokenizer; add_special_tokens=False; doc instruction=''
naiverag,DenseRAG,21614,31475,28156220,Qwen3-Embedding-0.6B tokenizer; add_special_tokens=False; doc instruction=''
naiverag,DenseRAG,27097,39374,35189537,Qwen3-Embedding-0.6B tokenizer; add_special_tokens=False; doc instruction=''
naiverag,DenseRAG,33970,49252,44042111,Qwen3-Embedding-0.6B tokenizer; add_special_tokens=False; doc instruction=''
naiverag,DenseRAG,42587,61615,55044694,Qwen3-Embedding-0.6B tokenizer; add_special_tokens=False; doc instruction=''
naiverag,DenseRAG,53389,77142,68919354,Qwen3-Embedding-0.6B tokenizer; add_special_tokens=False; doc instruction=''
naiverag,DenseRAG,66932,96635,86291984,Qwen3-Embedding-0.6B tokenizer; add_special_tokens=False; doc instruction=''
naiverag,DenseRAG,83909,121123,108174340,Qwen3-Embedding-0.6B tokenizer; add_special_tokens=False; doc instruction=''
naiverag,DenseRAG,105193,151751,135580705,Qwen3-Embedding-0.6B tokenizer; add_special_tokens=False; doc instruction=''
naiverag,DenseRAG,131876,190096,169816930,Qwen3-Embedding-0.6B tokenizer; add_special_tokens=False; doc instruction=''
naiverag,DenseRAG,165327,238321,212888811,Qwen3-Embedding-0.6B tokenizer; add_special_tokens=False; doc instruction=''
naiverag,DenseRAG,207263,298783,266875657,Qwen3-Embedding-0.6B tokenizer; add_special_tokens=False; doc instruction=''
naiverag,DenseRAG,259837,374576,334589750,Qwen3-Embedding-0.6B tokenizer; add_special_tokens=False; doc instruction=''
naiverag,DenseRAG,325746,469677,419478856,Qwen3-Embedding-0.6B tokenizer; add_special_tokens=False; doc instruction=''
naiverag,DenseRAG,408373,588566,525803516,Qwen3-Embedding-0.6B tokenizer; add_special_tokens=False; doc instruction=''
naiverag,DenseRAG,511959,737878,659351292,Qwen3-Embedding-0.6B tokenizer; add_special_tokens=False; doc instruction=''
