family,substrate,role,scale,n,official_combined
files,Files,agent,1144,500,76.181
agent_hippo,HippoRAG2,agent,1144,500,75.221
native_hippo,HippoRAG2,native,1144,500,66.747
agent_lightrag,LightRAG,agent,1144,500,70.826
native_lightrag,LightRAG,native,1144,500,48.588
agent_ms,MS-GraphRAG,agent,1144,500,40.868
native_ms,MS-GraphRAG,native,1144,500,47.415
files,Files,agent,1434,150,83.094
agent_hippo,HippoRAG2,agent,1434,150,75.169
native_hippo,HippoRAG2,native,1434,150,65.911
agent_lightrag,LightRAG,agent,1434,150,75.459
native_lightrag,LightRAG,native,1434,150,50.654
agent_ms,MS-GraphRAG,agent,1434,150,44.708
native_ms,MS-GraphRAG,native,1434,150,44.345
files,Files,agent,1798,150,76.315
agent_hippo,HippoRAG2,agent,1798,150,81.2
native_hippo,HippoRAG2,native,1798,150,66.716
agent_lightrag,LightRAG,agent,1798,150,72.849
native_lightrag,LightRAG,native,1798,150,45.524
agent_ms,MS-GraphRAG,agent,1798,150,46.63
native_ms,MS-GraphRAG,native,1798,150,46.323
files,Files,agent,2254,150,81.927
agent_hippo,HippoRAG2,agent,2254,150,74.953
native_hippo,HippoRAG2,native,2254,150,65.232
agent_lightrag,LightRAG,agent,2254,150,75.596
native_lightrag,LightRAG,native,2254,150,45.746
agent_ms,MS-GraphRAG,agent,2254,150,38.718
native_ms,MS-GraphRAG,native,2254,150,45.444
files,Files,agent,6980,150,75.111
agent_hippo,HippoRAG2,agent,6980,150,70.59
native_hippo,HippoRAG2,native,6980,150,62.202
agent_ms,MS-GraphRAG,agent,6980,150,36.879
native_ms,MS-GraphRAG,native,6980,150,38.209
files,Files,agent,21614,150,71.242
agent_hippo,HippoRAG2,agent,21614,150,59.619
native_hippo,HippoRAG2,native,21614,150,56.005
files,Files,agent,42587,150,64.755
agent_hippo,HippoRAG2,agent,42587,150,54.198
native_hippo,HippoRAG2,native,42587,150,54.761
