N_docs,N_chunks,build_total_tok,build_prompt_tok,build_completion_tok,build_calls,build_sec,wall_clean,judge_acc,recall,storage_mb,status
1144,2018,35128259,26252027,8876232,12891,23321,DIRTY_parallel,57.2,42.42,136,ok
1434,2435,41174034,30886185,10287849,15128,26828,DIRTY_parallel,53.6,40.07,158,ok
1798,2955,49157391,36945320,12212071,17912,25208,DIRTY_parallel,56.0,42.43,188,ok
2254,3606,59038857,44387654,14651203,21602,27614,clean,54.4,39.87,223,ok
2826,4425,70986288,53414400,17571888,26193,39678,clean,52.0,37.26,267,ok
3543,5454,86221262,64887768,21333494,32053,52561,DIRTY_parallel,,NA,321,build_ok
4441,6737,104403112,78648709,25754403,38811,58951,DIRTY_parallel,,NA,385,build_ok
5568,8374,126483540,95404788,31078752,47206,67887,clean,,NA,477,build_ok
6980,10419,155272329,117192147,38080182,58203,79215,clean,,NA,584,build_ok
8750,12974,190048585,143545562,46503023,71316,93101,clean,,NA,708,build_ok
