N_docs,N_chunks,build_total_tok,build_prompt_tok,build_completion_tok,qa_total_tok,build_qa_sec,wall_clean,judge_acc,recall,storage_mb,status
1144,2018,7469665,5488876,1980789,skipped,3055,clean,NA,NA,435,build_ok
1434,2435,9062797,6605570,2459803,skipped,3649,clean,NA,NA,523,build_ok
1798,2955,11037210,8003986,3033224,skipped,4644,clean,NA,NA,642,build_ok
2254,3606,13512777,9761706,3751071,skipped,1099,clean,NA,NA,798,build_ok
2826,4425,16600489,11936215,4664274,skipped,1368,clean,NA,NA,999,build_ok
3543,5454,20498439,14694120,5804319,skipped,1667,clean,NA,NA,1248,build_ok
4441,6737,25358512,18119030,7239482,skipped,1796,clean,NA,NA,1563,build_ok
5568,8374,31519432,22471907,9047525,skipped,5008,clean,NA,NA,1961,build_ok
6980,10419,39294839,27948182,11346657,skipped,3723,clean,NA,NA,2465,build_ok
8750,12974,49011692,34801703,14209989,skipped,4169,clean,NA,NA,3089,build_ok
10970,16169,61214811,43402405,17812406,skipped,5450,clean,NA,NA,3867,build_ok
13753,20185,76478720,54148878,22329842,skipped,8815,DIRTY_rerun,NA,NA,10611,build_ok
17241,25203,95592427,67609935,27982492,skipped,187,DIRTY_rerun,NA,NA,10611,build_ok
21614,31475,119507084,84492592,35014492,skipped,209,DIRTY_rerun,NA,NA,10611,build_ok
27097,39374,149481269,105638660,43842609,skipped,208,DIRTY_rerun,NA,NA,10611,build_ok
33970,49252,187193630,132190348,55003282,skipped,204,DIRTY_rerun,NA,NA,10611,build_ok
42587,61615,234125324,165276292,68849032,skipped,20515,clean,NA,NA,13576,build_ok
53389,77142,293100077,206918352,86181725,skipped,26253,clean,NA,NA,17259,build_ok
66932,96635,367183794,259184526,107999268,skipped,5220,clean,NA,NA,26474,build_ok
83909,121123,461747642,326215226,135532416,skipped,559,clean,NA,NA,26473,build_ok
105193,151751,578256924,408371733,169885191,skipped,8025,clean,NA,NA,33615,build_ok
131876,190096,723623189,510953999,212669190,skipped,51063,clean,NA,NA,42508,build_ok
