N_docs,N_chunks,build_qa_sec,judge_acc,recall,storage_mb,status
1144,2018,5878,,56.62,187,ok
1434,2435,2985,60.6,54.52,234,ok
1798,2955,3024,60.4,53.51,291,ok
2254,3606,4304,57.8,51.06,363,ok
2826,4425,4189,55.4,48.56,451,ok
3543,5454,8518,55.4,48.06,556,ok
4441,6737,5456,52.4,45.69,685,ok
5568,8374,6736,51.0,44.24,849,ok
6980,10419,8113,50.2,43.65,1047,ok
8750,12974,10978,46.4,40.32,1296,ok
10970,16169,11877,45.6,38.86,1605,ok
13753,20185,14482,45.2,37.68,1983,ok
17241,25203,17495,45.6,36.36,2453,ok
21614,31475,21711,44.6,35.28,3035,ok
27097,39374,26763,43.4,34.21,3759,ok
33970,49252,33457,43.0,34.10,4656,ok
42587,61615,7924,41.8,33.40,5759,ok
53389,77142,10465,40.0,32.58,7141,ok
66932,96635,10660,39.8,31.40,8854,ok
83909,121123,15380,38.8,30.62,10991,ok
105193,151751,13398,37.0,28.76,13648,ok
131876,190096,20325,37.6,28.42,16941,ok
