family,scale,question_type,n,official_combined
bm25,42587,basic,175,72.808225
bm25,42587,semantic,125,40.698095
bm25,42587,intra_document_reasoning,40,79.375000
bm25,42587,project_related,40,32.161668
bm25,42587,completeness,20,26.550466
bm25,42587,conflicting_info,20,74.880952
bm25,42587,constrained,30,65.440476
bm25,42587,high_level,10,60.000000
bm25,42587,info_not_found,20,100.000000
bm25,42587,miscellaneous,20,84.833333
naiverag,42587,basic,175,56.042857
naiverag,42587,semantic,125,18.880000
naiverag,42587,intra_document_reasoning,40,30.208333
naiverag,42587,project_related,40,20.079393
naiverag,42587,completeness,20,12.916667
naiverag,42587,conflicting_info,20,29.375000
naiverag,42587,constrained,30,44.325804
naiverag,42587,high_level,10,33.333333
naiverag,42587,info_not_found,20,100.000000
naiverag,42587,miscellaneous,20,82.750000
hipporag,42587,basic,175,63.827891
hipporag,42587,semantic,125,28.965079
hipporag,42587,intra_document_reasoning,40,48.958333
hipporag,42587,project_related,40,31.497287
hipporag,42587,completeness,20,29.148551
hipporag,42587,conflicting_info,20,32.666667
hipporag,42587,constrained,30,62.915547
hipporag,42587,high_level,10,36.666667
hipporag,42587,info_not_found,20,100.000000
hipporag,42587,miscellaneous,20,87.750000
linearrag,42587,basic,175,42.857143
linearrag,42587,semantic,125,13.481905
linearrag,42587,intra_document_reasoning,40,31.666667
linearrag,42587,project_related,40,10.821470
linearrag,42587,completeness,20,10.000000
linearrag,42587,conflicting_info,20,40.464286
linearrag,42587,constrained,30,25.018519
linearrag,42587,high_level,10,15.000000
linearrag,42587,info_not_found,20,90.000000
linearrag,42587,miscellaneous,20,53.000000
sandbox,42587,basic,175,69.242857
sandbox,42587,semantic,125,32.920000
sandbox,42587,intra_document_reasoning,40,82.500000
sandbox,42587,project_related,40,34.920864
sandbox,42587,completeness,20,56.027174
sandbox,42587,conflicting_info,20,88.482143
sandbox,42587,constrained,30,60.452076
sandbox,42587,high_level,10,60.000000
sandbox,42587,info_not_found,20,80.000000
sandbox,42587,miscellaneous,20,82.083333
