phase,baseline,scale,status,sec,npred
A,bm25,6980,ok,464,500
A,bm25,21614,ok,481,500
A,bm25,42587,ok,555,500
A,bm25,66932,ok,700,500
A,naiverag,1144,ok,383,500
A,naiverag,6980,ok,373,500
A,naiverag,21614,ok,376,500
A,naiverag,42587,ok,385,500
A,naiverag,66932,ok,384,500
A,hipporag,1144,ok,2843,500
A,hipporag,6980,ok,3525,500
A,hipporag,21614,ok,5277,500
A,hipporag,42587,ok,7946,500
A,hipporag,66932,FAIL,24857,100
A,lightrag,1144,ok,1136,0
A,lightrag,1434,ok,1426,0
A,lightrag,1798,ok,1489,0
A,lightrag,2254,ok,1623,0
A,graphrag,1144,ok,898,500
A,graphrag,1434,ok,955,500
A,graphrag,1798,ok,1059,500
A,sandbox,1144,ok,18074,500
A,sandbox,6980,ok,39028,500
A,sandbox,21614,ok,54233,500
A,sandbox,42587,ok,47245,500
