block,scale,paradigm,status,sec
A,1144,HippoRAG,ok,1814
A,1144,sandbox,ok,2892
A,6980,HippoRAG,ok,4082
A,6980,sandbox,ok,6303
A,21614,HippoRAG,ok,5044
A,21614,sandbox,ok,7614
A,42587,HippoRAG,ok,6990
A,66932,HippoRAG,ok,7914
A,42587,sandbox,ok,9195
A,66932,sandbox,ok,9933
B,1144,HippoRAG-lat,ok,170
B,6980,HippoRAG-lat,ok,242
B,21614,HippoRAG-lat,ok,437
B,42587,HippoRAG-lat,ok,688
B,66932,HippoRAG-lat,ok,1802
B,1144,sandbox-lat,ok,1004
B,21614,sandbox-lat,ok,1614
B,66932,sandbox-lat,ok,1920
B,1144,BM25,ok,176
B,1144,NaiveRAG,ok,168
B,6980,BM25,ok,181
B,6980,NaiveRAG,ok,273
B,21614,BM25,ok,208
B,21614,NaiveRAG,ok,473
B,42587,BM25,ok,244
B,42587,NaiveRAG,ok,773
B,66932,BM25,ok,295
B,66932,NaiveRAG,ok,1121
