family,scale,corpus_tokens,n,median_seconds,p10_seconds,p90_seconds
bm25,1144,1684792,30,3.2055,2.2497,5.0775
bm25,6980,8495372,30,3.6110,2.2074,5.4237
bm25,21614,25647210,30,3.7500,2.3761,5.9418
bm25,42587,50153707,30,4.3270,2.8997,6.2316
bm25,66932,78632159,30,4.2820,3.1823,6.8654
bm25,131876,154746510,30,5.7795,4.3550,8.0714
bm25,259837,304902373,30,8.4575,6.6389,11.0244
bm25,511959,600823640,30,13.9400,11.0453,17.2297
naiverag,1144,1684792,30,3.1600,1.8499,5.7288
naiverag,6980,8495372,30,3.0800,1.8780,6.0331
naiverag,21614,25647210,30,3.0500,2.0973,5.7295
naiverag,42587,50153707,30,3.0880,2.1391,4.8714
naiverag,66932,78632159,30,3.1840,2.1101,5.9167
naiverag,131876,154746510,30,3.1605,2.1300,5.9011
naiverag,259837,304902373,30,3.3030,2.1985,5.5447
naiverag,511959,600823640,30,3.3310,2.3249,6.0213
hipporag,1144,1684792,30,4.8685,3.7821,6.2411
hipporag,6980,8495372,30,5.3470,4.2191,7.9319
hipporag,21614,25647210,30,7.9665,5.2343,11.4317
hipporag,42587,50153707,30,11.1290,6.5588,13.9902
hipporag,131876,154746510,30,61.6315,8.9457,67.5977
sandbox,1144,1684792,20,12.4000,9.5580,134.7460
sandbox,6980,8495372,20,14.7550,9.7740,80.3140
sandbox,21614,25647210,20,24.2950,13.9460,83.6710
sandbox,42587,50153707,50,287.4850,50.2190,1936.1200
sandbox,66932,78632159,50,459.8650,54.0620,2247.6090
sandbox,511959,600823640,21,2591.2300,1100.7700,3317.2200
